{
    "$schema": "https://schema.management.azure.com/schemas/2015-01-01/deploymentParameters.json#",
    "contentVersion": "1.0.0.0",
    "parameters": {
        "virtualMachines_KubeLin01_adminPassword": {
            "value": null
        },
        "virtualMachines_KubeWin01_adminPassword": {
            "value": null
        },
        "virtualMachines_KubeWin02_adminPassword": {
            "value": null
        },
        "virtualMachines_KubeLin01_name": {
            "value": null
        },
        "virtualMachines_KubeWin01_name": {
            "value": null
        },
        "virtualMachines_KubeWin02_name": {
            "value": null
        },
        "networkInterfaces_Ethernet1_name": {
            "value": null
        },
        "networkInterfaces_Ethernet2_name": {
            "value": null
        },
        "networkInterfaces_Ethernet3_name": {
            "value": null
        },
        "networkInterfaces_Ethernet4_name": {
            "value": null
        },
        "networkInterfaces_Ethernet5_name": {
            "value": null
        },
        "publicIPAddresses_Ethernet1_name": {
            "value": null
        },
        "publicIPAddresses_Ethernet3_name": {
            "value": null
        },
        "publicIPAddresses_Ethernet5_name": {
            "value": null
        },
        "routeTables_UDR_Win01_name": {
            "value": null
        },
        "virtualNetworks_AzureKubeNet_name": {
            "value": null
        },
        "storageAccounts_azurekubestore_name": {
            "value": null
        }
    }
}